Workbook
Name NativeTimeline_Order_date_2: #N/A
Name Slicer_Channel: #N/A

Sheet UrbanMart Sales Jan 2025(Orig)
A1: OrderID | B1: OrderDate | C1: Order_Date | D1: Region | E1: Region | F1: CustomerName | G1: Customer_Name | H1: Category | I1: P.Category | J1: Product | K1: SalesAmount | M1: Quantity | N1: Channel
A2: ORD001 | B2: 2025-01-05 | C2: =TEXT(B2,"dd-mm-yyyy") -> 05-01-2025 | D2: Nairobi | E2: =PROPER(TRIM(D2)) -> Nairobi | F2: John Mwangi | G2: =PROPER(TRIM(F2)) -> John Mwangi | H2: Electronics | I2: =PROPER(TRIM(H2)) -> Electronics | J2: Smartphone | K2: 120000 | M2: 2 | N2: Online
A3: ORD002 | B3: 05/01/2025 | C3: =TEXT(B3,"dd-mm-yyyy") -> 05-01-2025 | D3: nairobi | E3: =PROPER(TRIM(D3)) -> Nairobi | F3: Mary Wanjiku | G3: =PROPER(TRIM(F3)) -> Mary Wanjiku | H3: Electronics | I3: =PROPER(TRIM(H3)) -> Electronics | J3: Laptop | K3: Ksh 85,000 | M3: 1 | N3: In-store
A4: ORD003 | B4: 2025/01/07 | C4: =TEXT(B4,"dd-mm-yyyy") -> 07-01-2025 | D4: Mombasa | E4: =PROPER(TRIM(D4)) -> Mombasa | F4: Peter Otieno | G4: =PROPER(TRIM(F4)) -> Peter Otieno | H4: Home | I4: =PROPER(TRIM(H4)) -> Home | J4: Microwave | K4: 45000 | M4: 1 | N4: In-store
A5: ORD004 | B5: 2025-01-08 | C5: =TEXT(B5,"dd-mm-yyyy") -> 08-01-2025 | D5: Kisumu | E5: =PROPER(TRIM(D5)) -> Kisumu | F5: Grace Achieng | G5: =PROPER(TRIM(F5)) -> Grace Achieng | H5: Home | I5: =PROPER(TRIM(H5)) -> Home | J5: Blender | K5: 15000 | M5: 2 | N5: Online
A6: ORD005 | B6: 08-01-2025 | C6: =TEXT(B6,"dd-mm-yyyy") -> 08-01-2025 | D6: Nakuru | E6: =PROPER(TRIM(D6)) -> Nakuru | F6: Samuel Kiptoo | G6: =PROPER(TRIM(F6)) -> Samuel Kiptoo | H6: Electronics | I6: =PROPER(TRIM(H6)) -> Electronics | J6: Headphones | K6: 8000 | M6: 3 | N6: Online
A7: ORD006 | B7: 2025-01-10 | C7: =TEXT(B7,"dd-mm-yyyy") -> 10-01-2025 | D7: Nairobi | E7: =PROPER(TRIM(D7)) -> Nairobi | F7: Lucy Njeri | G7: =PROPER(TRIM(F7)) -> Lucy Njeri | H7: Clothing | I7: =PROPER(TRIM(H7)) -> Clothing | J7: T-Shirt | K7: 2500 | M7: 5 | N7: In-store
A8: ORD007 | B8: 2025-01-11 | C8: =TEXT(B8,"dd-mm-yyyy") -> 11-01-2025 | D8: NAIROBI | E8: =PROPER(TRIM(D8)) -> Nairobi | F8: James Kariuki | G8: =PROPER(TRIM(F8)) -> James Kariuki | H8: Clothing | I8: =PROPER(TRIM(H8)) -> Clothing | J8: Jeans | K8: 5500 | M8: 2 | N8: Online
A9: ORD008 | B9: 11/01/2025 | C9: =TEXT(B9,"dd-mm-yyyy") -> 11-01-2025 | D9: Mombasa | E9: =PROPER(TRIM(D9)) -> Mombasa | F9: Fatuma Ali | G9: =PROPER(TRIM(F9)) -> Fatuma Ali | H9: Clothing | I9: =PROPER(TRIM(H9)) -> Clothing | J9: Dress | K9: Ksh 6,500 | M9: 1 | N9: In-store
A10: ORD009 | B10: 2025-01-12 | C10: =TEXT(B10,"dd-mm-yyyy") -> 12-01-2025 | D10: Kisumu | E10: =PROPER(TRIM(D10)) -> Kisumu | F10: Brian Odhiambo | G10: =PROPER(TRIM(F10)) -> Brian Odhiambo | H10: Electronics | I10: =PROPER(TRIM(H10)) -> Electronics | J10: Smartphone | K10: 118000 | M10: 1 | N10: Online
A11: ORD010 | B11: 2025-01-13 | C11: =TEXT(B11,"dd-mm-yyyy") -> 13-01-2025 | D11: Nakuru | E11: =PROPER(TRIM(D11)) -> Nakuru | F11: Anne Chebet | G11: =PROPER(TRIM(F11)) -> Anne Chebet | H11: Home | I11: =PROPER(TRIM(H11)) -> Home | J11: Kettle | K11: 3500 | M11: 2 | N11: In-store
A12: ORD011 | B12: 2025-01-14 | C12: =TEXT(B12,"dd-mm-yyyy") -> 14-01-2025 | D12: Nairobi | E12: =PROPER(TRIM(D12)) -> Nairobi | F12: David Kimani | G12: =PROPER(TRIM(F12)) -> David Kimani | H12: Electronics | I12: =PROPER(TRIM(H12)) -> Electronics | J12: Tablet | M12: 4 | N12: Online
A13: ORD012 | B13: 14/01/2025 | C13: =TEXT(B13,"dd-mm-yyyy") -> 14-01-2025 | D13: Mombasa | E13: =PROPER(TRIM(D13)) -> Mombasa | F13: Aisha Mohammed | G13: =PROPER(TRIM(F13)) -> Aisha Mohammed | H13: Home | I13: =PROPER(TRIM(H13)) -> Home | J13: Toaster | K13: 2800 | M13: 1 | N13: Online
A14: ORD013 | B14: 2025/01/15 | C14: =TEXT(B14,"dd-mm-yyyy") -> 15-01-2025 | D14: Kisumu | E14: =PROPER(TRIM(D14)) -> Kisumu | F14: Kevin Ouma | G14: =PROPER(TRIM(F14)) -> Kevin Ouma | H14: Clothing | I14: =PROPER(TRIM(H14)) -> Clothing | J14: Shirt | K14: 3000 | M14: 3 | N14: In-store
A15: ORD014 | B15: 2025-01-16 | C15: =TEXT(B15,"dd-mm-yyyy") -> 16-01-2025 | D15: Nakuru | E15: =PROPER(TRIM(D15)) -> Nakuru | F15: Faith Jepchirchir | G15: =PROPER(TRIM(F15)) -> Faith Jepchirchir | H15: Electronics | I15: =PROPER(TRIM(H15)) -> Electronics | J15: Laptop | K15: 95000 | M15: 1 | N15: Online
A16: ORD015 | B16: 16-01-2025 | C16: =TEXT(B16,"dd-mm-yyyy") -> 16-01-2025 | D16: Nairobi | E16: =PROPER(TRIM(D16)) -> Nairobi | F16: Paul Mutiso | G16: =PROPER(TRIM(F16)) -> Paul Mutiso | H16: Home | I16: =PROPER(TRIM(H16)) -> Home | J16: Vacuum Cleaner | K16: 22000 | M16: 1 | N16: In-store
A17: ORD016 | B17: 2025-01-18 | C17: =TEXT(B17,"dd-mm-yyyy") -> 18-01-2025 | D17: Mombasa | E17: =PROPER(TRIM(D17)) -> Mombasa | F17: Hassan Omar | G17: =PROPER(TRIM(F17)) -> Hassan Omar | H17: Electronics | I17: =PROPER(TRIM(H17)) -> Electronics | J17: Smartphone | K17: Ksh 110,000 | M17: 1 | N17: Online
A18: ORD017 | B18: 2025-01-18 | C18: =TEXT(B18,"dd-mm-yyyy") -> 18-01-2025 | D18: Kisumu | E18: =PROPER(TRIM(D18)) -> Kisumu | F18: Jane Anyango | G18: =PROPER(TRIM(F18)) -> Jane Anyango | H18: Clothing | I18: =PROPER(TRIM(H18)) -> Clothing | J18: Skirt | K18: 2700 | M18: 2 | N18: In-store
A19: ORD018 | B19: 18/01/2025 | C19: =TEXT(B19,"dd-mm-yyyy") -> 18-01-2025 | D19: Nakuru | E19: =PROPER(TRIM(D19)) -> Nakuru | F19: Mark Rotich | G19: =PROPER(TRIM(F19)) -> Mark Rotich | H19: Home | I19: =PROPER(TRIM(H19)) -> Home | J19: Iron Box | K19: 4000 | M19: 1 | N19: Online
A20: ORD019 | B20: 2025-01-20 | C20: =TEXT(B20,"dd-mm-yyyy") -> 20-01-2025 | D20: Nairobi | E20: =PROPER(TRIM(D20)) -> Nairobi | F20: Irene Wambui | G20: =PROPER(TRIM(F20)) -> Irene Wambui | H20: Electronics | I20: =PROPER(TRIM(H20)) -> Electronics | J20: Headphones | K20: 7500 | M20: 2 | N20: Online
A21: ORD020 | B21: 2025-01-21 | C21: =TEXT(B21,"dd-mm-yyyy") -> 21-01-2025 | D21: Mombasa | E21: =PROPER(TRIM(D21)) -> Mombasa | F21: Ali Said | G21: =PROPER(TRIM(F21)) -> Ali Said | H21: Home | I21: =PROPER(TRIM(H21)) -> Home | J21: Microwave | K21: 47000 | M21: 1 | N21: In-store
A22: ORD021 | B22: 2025/01/22 | C22: =TEXT(B22,"dd-mm-yyyy") -> 22-01-2025 | D22: Kisumu | E22: =PROPER(TRIM(D22)) -> Kisumu | F22: George Odongo | G22: =PROPER(TRIM(F22)) -> George Odongo | H22: Electronics | I22: =PROPER(TRIM(H22)) -> Electronics | J22: Tablet | K22: 39000 | M22: 1 | N22: Online
A23: ORD022 | B23: 22-01-2025 | C23: =TEXT(B23,"dd-mm-yyyy") -> 22-01-2025 | D23: Nakuru | E23: =PROPER(TRIM(D23)) -> Nakuru | F23: Joyce Chepngeno | G23: =PROPER(TRIM(F23)) -> Joyce Chepngeno | H23: Clothing | I23: =PROPER(TRIM(H23)) -> Clothing | J23: Jacket | K23: Ksh 6,800 | M23: 1 | N23: In-store
A24: ORD023 | B24: 2025-01-23 | C24: =TEXT(B24,"dd-mm-yyyy") -> 23-01-2025 | D24: Nairobi | E24: =PROPER(TRIM(D24)) -> Nairobi | F24: Michael Kamau | G24: =PROPER(TRIM(F24)) -> Michael Kamau | H24: Home | I24: =PROPER(TRIM(H24)) -> Home | J24: Kettle | K24: 3200 | M24: 2 | N24: Online
... A36: ORD035 | B36: 2025-02-01 | C36: =TEXT(B36,"dd-mm-yyyy") -> 01-02-2025 | D36: Nairobi | E36: =PROPER(TRIM(D36)) -> Nairobi | F36: Mercy Wairimu | G36: =PROPER(TRIM(F36)) -> Mercy Wairimu | H36: Home | I36: =PROPER(TRIM(H36)) -> Home | J36: Iron Box | K36: 3800 | M36: 1 | N36: In-store

Sheet Cleaned Data
A1: OrderID | B1: Order_Date | C1: Order_date(2) | D1: Region | E1: Customer_Name | F1: P_Category | G1: Product | H1: Sales_Amount | I1: Quantity | J1: Channel | M1: Mini-Pivot Report on Sales for January and February
A2: ORD001 | B2: 05-01-2025 | C2: =DATEVALUE(Table3[[#This Row],[Order_Date]]) -> 45662 | D2: Nairobi | E2: John Mwangi | F2: =PROPER(TRIM('UrbanMart Sales Jan 2025(Orig)'!H2)) -> Electronics | G2: =PROPER(TRIM('UrbanMart Sales Jan 2025(Orig)'!J2)) -> Smartphone | H2: =VALUE(SUBSTITUTE('UrbanMart Sales Jan 2025(Orig)'!K2,"Ksh","")) -> 120000 | I2: =VALUE('UrbanMart Sales Jan 2025(Orig)'!M2) -> 2 | J2: =PROPER(TRIM('UrbanMart Sales Jan 2025(Orig)'!N2)) -> Online | M2: Row Labels | N2: Sum of Sales_Amount
A3: ORD002 | B3: 05-01-2025 | C3: =DATEVALUE(Table3[[#This Row],[Order_Date]]) -> 45662 | D3: Nairobi | E3: Mary Wanjiku | F3: =PROPER(TRIM('UrbanMart Sales Jan 2025(Orig)'!H3)) -> Electronics | G3: =PROPER(TRIM('UrbanMart Sales Jan 2025(Orig)'!J3)) -> Laptop | H3: =VALUE(SUBSTITUTE('UrbanMart Sales Jan 2025(Orig)'!K3,"Ksh","")) -> 85000 | I3: =VALUE('UrbanMart Sales Jan 2025(Orig)'!M3) -> 1 | J3: =PROPER(TRIM('UrbanMart Sales Jan 2025(Orig)'!N3)) -> In-Store | M3: Kisumu | N3: 217200 | P3: Row Labels | Q3: Sum of Sales_Amount
A4: ORD003 | B4: 07-01-2025 | C4: =DATEVALUE(Table3[[#This Row],[Order_Date]]) -> 45664 | D4: Mombasa | E4: Peter Otieno | F4: =PROPER(TRIM('UrbanMart Sales Jan 2025(Orig)'!H4)) -> Home | G4: =PROPER(TRIM('UrbanMart Sales Jan 2025(Orig)'!J4)) -> Microwave | H4: =VALUE(SUBSTITUTE('UrbanMart Sales Jan 2025(Orig)'!K4,"Ksh","")) -> 45000 | I4: =VALUE('UrbanMart Sales Jan 2025(Orig)'!M4) -> 1 | J4: =PROPER(TRIM('UrbanMart Sales Jan 2025(Orig)'!N4)) -> In-Store | M4: Nairobi | N4: 291300 | P4: Jan | Q4: 1156600
A5: ORD004 | B5: 08-01-2025 | C5: =DATEVALUE(Table3[[#This Row],[Order_Date]]) -> 45665 | D5: Kisumu | E5: Grace Achieng | F5: =PROPER(TRIM('UrbanMart Sales Jan 2025(Orig)'!H5)) -> Home | G5: =PROPER(TRIM('UrbanMart Sales Jan 2025(Orig)'!J5)) -> Blender | H5: =VALUE(SUBSTITUTE('UrbanMart Sales Jan 2025(Orig)'!K5,"Ksh","")) -> 15000 | I5: =VALUE('UrbanMart Sales Jan 2025(Orig)'!M5) -> 2 | J5: =PROPER(TRIM('UrbanMart Sales Jan 2025(Orig)'!N5)) -> Online | M5: Mombasa | N5: 322800 | P5: Feb | Q5: 3800
A6: ORD005 | B6: 08-01-2025 | C6: =DATEVALUE(Table3[[#This Row],[Order_Date]]) -> 45665 | D6: Nakuru | E6: Samuel Kiptoo | F6: =PROPER(TRIM('UrbanMart Sales Jan 2025(Orig)'!H6)) -> Electronics | G6: =PROPER(TRIM('UrbanMart Sales Jan 2025(Orig)'!J6)) -> Headphones | H6: =VALUE(SUBSTITUTE('UrbanMart Sales Jan 2025(Orig)'!K6,"Ksh","")) -> 8000 | I6: =VALUE('UrbanMart Sales Jan 2025(Orig)'!M6) -> 3 | J6: =PROPER(TRIM('UrbanMart Sales Jan 2025(Orig)'!N6)) -> Online | M6: Nakuru | N6: 325300 | P6: Grand Total | Q6: 1160400
A7: ORD006 | B7: 10-01-2025 | C7: =DATEVALUE(Table3[[#This Row],[Order_Date]]) -> 45667 | D7: Nairobi | E7: Lucy Njeri | F7: =PROPER(TRIM('UrbanMart Sales Jan 2025(Orig)'!H7)) -> Clothing | G7: =PROPER(TRIM('UrbanMart Sales Jan 2025(Orig)'!J7)) -> T-Shirt | H7: =VALUE(SUBSTITUTE('UrbanMart Sales Jan 2025(Orig)'!K7,"Ksh","")) -> 2500 | I7: =VALUE('UrbanMart Sales Jan 2025(Orig)'!M7) -> 5 | J7: =PROPER(TRIM('UrbanMart Sales Jan 2025(Orig)'!N7)) -> In-Store | M7: Grand Total | N7: 1156600
A8: ORD007 | B8: 11-01-2025 | C8: =DATEVALUE(Table3[[#This Row],[Order_Date]]) -> 45668 | D8: Nairobi | E8: James Kariuki | F8: =PROPER(TRIM('UrbanMart Sales Jan 2025(Orig)'!H8)) -> Clothing | G8: =PROPER(TRIM('UrbanMart Sales Jan 2025(Orig)'!J8)) -> Jeans | H8: =VALUE(SUBSTITUTE('UrbanMart Sales Jan 2025(Orig)'!K8,"Ksh","")) -> 5500 | I8: =VALUE('UrbanMart Sales Jan 2025(Orig)'!M8) -> 2 | J8: =PROPER(TRIM('UrbanMart Sales Jan 2025(Orig)'!N8)) -> Online
A9: ORD008 | B9: 11-01-2025 | C9: =DATEVALUE(Table3[[#This Row],[Order_Date]]) -> 45668 | D9: Mombasa | E9: Fatuma Ali | F9: =PROPER(TRIM('UrbanMart Sales Jan 2025(Orig)'!H9)) -> Clothing | G9: =PROPER(TRIM('UrbanMart Sales Jan 2025(Orig)'!J9)) -> Dress | H9: =VALUE(SUBSTITUTE('UrbanMart Sales Jan 2025(Orig)'!K9,"Ksh","")) -> 6500 | I9: =VALUE('UrbanMart Sales Jan 2025(Orig)'!M9) -> 1 | J9: =PROPER(TRIM('UrbanMart Sales Jan 2025(Orig)'!N9)) -> In-Store
A10: ORD009 | B10: 12-01-2025 | C10: =DATEVALUE(Table3[[#This Row],[Order_Date]]) -> 45669 | D10: Kisumu | E10: Brian Odhiambo | F10: =PROPER(TRIM('UrbanMart Sales Jan 2025(Orig)'!H10)) -> Electronics | G10: =PROPER(TRIM('UrbanMart Sales Jan 2025(Orig)'!J10)) -> Smartphone | H10: =VALUE(SUBSTITUTE('UrbanMart Sales Jan 2025(Orig)'!K10,"Ksh","")) -> 118000 | I10: =VALUE('UrbanMart Sales Jan 2025(Orig)'!M10) -> 1 | J10: =PROPER(TRIM('UrbanMart Sales Jan 2025(Orig)'!N10)) -> Online
A11: ORD010 | B11: 13-01-2025 | C11: =DATEVALUE(Table3[[#This Row],[Order_Date]]) -> 45670 | D11: Nakuru | E11: Anne Chebet | F11: =PROPER(TRIM('UrbanMart Sales Jan 2025(Orig)'!H11)) -> Home | G11: =PROPER(TRIM('UrbanMart Sales Jan 2025(Orig)'!J11)) -> Kettle | H11: =VALUE(SUBSTITUTE('UrbanMart Sales Jan 2025(Orig)'!K11,"Ksh","")) -> 3500 | I11: =VALUE('UrbanMart Sales Jan 2025(Orig)'!M11) -> 2 | J11: =PROPER(TRIM('UrbanMart Sales Jan 2025(Orig)'!N11)) -> In-Store
A12: ORD012 | B12: 14-01-2025 | C12: =DATEVALUE(Table3[[#This Row],[Order_Date]]) -> 45671 | D12: Mombasa | E12: Aisha Mohammed | F12: =PROPER(TRIM('UrbanMart Sales Jan 2025(Orig)'!H13)) -> Home | G12: =PROPER(TRIM('UrbanMart Sales Jan 2025(Orig)'!J13)) -> Toaster | H12: =VALUE(SUBSTITUTE('UrbanMart Sales Jan 2025(Orig)'!K13,"Ksh","")) -> 2800 | I12: =VALUE('UrbanMart Sales Jan 2025(Orig)'!M13) -> 1 | J12: =PROPER(TRIM('UrbanMart Sales Jan 2025(Orig)'!N13)) -> Online | P12: P_Category | Q12: Electronics
A13: ORD013 | B13: 15-01-2025 | C13: =DATEVALUE(Table3[[#This Row],[Order_Date]]) -> 45672 | D13: Kisumu | E13: Kevin Ouma | F13: =PROPER(TRIM('UrbanMart Sales Jan 2025(Orig)'!H14)) -> Clothing | G13: =PROPER(TRIM('UrbanMart Sales Jan 2025(Orig)'!J14)) -> Shirt | H13: =VALUE(SUBSTITUTE('UrbanMart Sales Jan 2025(Orig)'!K14,"Ksh","")) -> 3000 | I13: =VALUE('UrbanMart Sales Jan 2025(Orig)'!M14) -> 3 | J13: =PROPER(TRIM('UrbanMart Sales Jan 2025(Orig)'!N14)) -> In-Store | M13: SALES BY CATEGORY
A14: ORD014 | B14: 16-01-2025 | C14: =DATEVALUE(Table3[[#This Row],[Order_Date]]) -> 45673 | D14: Nakuru | E14: Faith Jepchirchir | F14: =PROPER(TRIM('UrbanMart Sales Jan 2025(Orig)'!H15)) -> Electronics | G14: =PROPER(TRIM('UrbanMart Sales Jan 2025(Orig)'!J15)) -> Laptop | H14: =VALUE(SUBSTITUTE('UrbanMart Sales Jan 2025(Orig)'!K15,"Ksh","")) -> 95000 | I14: =VALUE('UrbanMart Sales Jan 2025(Orig)'!M15) -> 1 | J14: =PROPER(TRIM('UrbanMart Sales Jan 2025(Orig)'!N15)) -> Online | M14: Row Labels | N14: Sum of Sales_Amount | P14: Row Labels | Q14: Average of Sales_Amount
A15: ORD015 | B15: 16-01-2025 | C15: =DATEVALUE(Table3[[#This Row],[Order_Date]]) -> 45673 | D15: Nairobi | E15: Paul Mutiso | F15: =PROPER(TRIM('UrbanMart Sales Jan 2025(Orig)'!H16)) -> Home | G15: =PROPER(TRIM('UrbanMart Sales Jan 2025(Orig)'!J16)) -> Vacuum Cleaner | H15: =VALUE(SUBSTITUTE('UrbanMart Sales Jan 2025(Orig)'!K16,"Ksh","")) -> 22000 | I15: =VALUE('UrbanMart Sales Jan 2025(Orig)'!M16) -> 1 | J15: =PROPER(TRIM('UrbanMart Sales Jan 2025(Orig)'!N16)) -> In-Store | M15: Clothing | N15: 41600 | P15: Kisumu | Q15: 78500
A16: ORD016 | B16: 18-01-2025 | C16: =DATEVALUE(Table3[[#This Row],[Order_Date]]) -> 45675 | D16: Mombasa | E16: Hassan Omar | F16: =PROPER(TRIM('UrbanMart Sales Jan 2025(Orig)'!H17)) -> Electronics | G16: =PROPER(TRIM('UrbanMart Sales Jan 2025(Orig)'!J17)) -> Smartphone | H16: =VALUE(SUBSTITUTE('UrbanMart Sales Jan 2025(Orig)'!K17,"Ksh","")) -> 110000 | I16: =VALUE('UrbanMart Sales Jan 2025(Orig)'!M17) -> 1 | J16: =PROPER(TRIM('UrbanMart Sales Jan 2025(Orig)'!N17)) -> Online | M16: Home | N16: 186300 | P16: Mombasa | Q16: 106000
A17: ORD017 | B17: 18-01-2025 | C17: =DATEVALUE(Table3[[#This Row],[Order_Date]]) -> 45675 | D17: Kisumu | E17: Jane Anyango | F17: =PROPER(TRIM('UrbanMart Sales Jan 2025(Orig)'!H18)) -> Clothing | G17: =PROPER(TRIM('UrbanMart Sales Jan 2025(Orig)'!J18)) -> Skirt | H17: =VALUE(SUBSTITUTE('UrbanMart Sales Jan 2025(Orig)'!K18,"Ksh","")) -> 2700 | I17: =VALUE('UrbanMart Sales Jan 2025(Orig)'!M18) -> 2 | J17: =PROPER(TRIM('UrbanMart Sales Jan 2025(Orig)'!N18)) -> In-Store | M17: Electronics | N17: 932500 | P17: Nairobi | Q17: 63125
A18: ORD018 | B18: 18-01-2025 | C18: =DATEVALUE(Table3[[#This Row],[Order_Date]]) -> 45675 | D18: Nakuru | E18: Mark Rotich | F18: =PROPER(TRIM('UrbanMart Sales Jan 2025(Orig)'!H19)) -> Home | G18: =PROPER(TRIM('UrbanMart Sales Jan 2025(Orig)'!J19)) -> Iron Box | H18: =VALUE(SUBSTITUTE('UrbanMart Sales Jan 2025(Orig)'!K19,"Ksh","")) -> 4000 | I18: =VALUE('UrbanMart Sales Jan 2025(Orig)'!M19) -> 1 | J18: =PROPER(TRIM('UrbanMart Sales Jan 2025(Orig)'!N19)) -> Online | M18: Grand Total | N18: 1160400 | P18: Nakuru | Q18: 62200
A19: ORD019 | B19: 20-01-2025 | C19: =DATEVALUE(Table3[[#This Row],[Order_Date]]) -> 45677 | D19: Nairobi | E19: Irene Wambui | F19: =PROPER(TRIM('UrbanMart Sales Jan 2025(Orig)'!H20)) -> Electronics | G19: =PROPER(TRIM('UrbanMart Sales Jan 2025(Orig)'!J20)) -> Headphones | H19: =VALUE(SUBSTITUTE('UrbanMart Sales Jan 2025(Orig)'!K20,"Ksh","")) -> 7500 | I19: =VALUE('UrbanMart Sales Jan 2025(Orig)'!M20) -> 2 | J19: =PROPER(TRIM('UrbanMart Sales Jan 2025(Orig)'!N20)) -> Online | P19: Grand Total | Q19: 71730.769
A20: ORD020 | B20: 21-01-2025 | C20: =DATEVALUE(Table3[[#This Row],[Order_Date]]) -> 45678 | D20: Mombasa | E20: Ali Said | F20: =PROPER(TRIM('UrbanMart Sales Jan 2025(Orig)'!H21)) -> Home | G20: =PROPER(TRIM('UrbanMart Sales Jan 2025(Orig)'!J21)) -> Microwave | H20: =VALUE(SUBSTITUTE('UrbanMart Sales Jan 2025(Orig)'!K21,"Ksh","")) -> 47000 | I20: =VALUE('UrbanMart Sales Jan 2025(Orig)'!M21) -> 1 | J20: =PROPER(TRIM('UrbanMart Sales Jan 2025(Orig)'!N21)) -> In-Store
A21: ORD021 | B21: 22-01-2025 | C21: =DATEVALUE(Table3[[#This Row],[Order_Date]]) -> 45679 | D21: Kisumu | E21: George Odongo | F21: =PROPER(TRIM('UrbanMart Sales Jan 2025(Orig)'!H22)) -> Electronics | G21: =PROPER(TRIM('UrbanMart Sales Jan 2025(Orig)'!J22)) -> Tablet | H21: =VALUE(SUBSTITUTE('UrbanMart Sales Jan 2025(Orig)'!K22,"Ksh","")) -> 39000 | I21: =VALUE('UrbanMart Sales Jan 2025(Orig)'!M22) -> 1 | J21: =PROPER(TRIM('UrbanMart Sales Jan 2025(Orig)'!N22)) -> Online
A22: ORD022 | B22: 22-01-2025 | C22: =DATEVALUE(Table3[[#This Row],[Order_Date]]) -> 45679 | D22: Nakuru | E22: Joyce Chepngeno | F22: =PROPER(TRIM('UrbanMart Sales Jan 2025(Orig)'!H23)) -> Clothing | G22: =PROPER(TRIM('UrbanMart Sales Jan 2025(Orig)'!J23)) -> Jacket | H22: =VALUE(SUBSTITUTE('UrbanMart Sales Jan 2025(Orig)'!K23,"Ksh","")) -> 6800 | I22: =VALUE('UrbanMart Sales Jan 2025(Orig)'!M23) -> 1 | J22: =PROPER(TRIM('UrbanMart Sales Jan 2025(Orig)'!N23)) -> In-Store | M22: Recommendations
A23: ORD023 | B23: 23-01-2025 | C23: =DATEVALUE(Table3[[#This Row],[Order_Date]]) -> 45680 | D23: Nairobi | E23: Michael Kamau | F23: =PROPER(TRIM('UrbanMart Sales Jan 2025(Orig)'!H24)) -> Home | G23: =PROPER(TRIM('UrbanMart Sales Jan 2025(Orig)'!J24)) -> Kettle | H23: =VALUE(SUBSTITUTE('UrbanMart Sales Jan 2025(Orig)'!K24,"Ksh","")) -> 3200 | I23: =VALUE('UrbanMart Sales Jan 2025(Orig)'!M24) -> 2 | J23: =PROPER(TRIM('UrbanMart Sales Jan 2025(Orig)'!N24)) -> Online
A24: ORD024 | B24: 24-01-2025 | C24: =DATEVALUE(Table3[[#This Row],[Order_Date]]) -> 45681 | D24: Mombasa | E24: Zainab Noor | F24: =PROPER(TRIM('UrbanMart Sales Jan 2025(Orig)'!H25)) -> Electronics | G24: =PROPER(TRIM('UrbanMart Sales Jan 2025(Orig)'!J25)) -> Laptop | H24: =VALUE(SUBSTITUTE('UrbanMart Sales Jan 2025(Orig)'!K25,"Ksh","")) -> 102000 | I24: =VALUE('UrbanMart Sales Jan 2025(Orig)'!M25) -> 1 | J24: =PROPER(TRIM('UrbanMart Sales Jan 2025(Orig)'!N25)) -> Online
A25: ORD025 | B25: 24-01-2025 | C25: =DATEVALUE(Table3[[#This Row],[Order_Date]]) -> 45681 | D25: Kisumu | E25: Andrew Otieno | F25: =PROPER(TRIM('UrbanMart Sales Jan 2025(Orig)'!H26)) -> Home | G25: =PROPER(TRIM('UrbanMart Sales Jan 2025(Orig)'!J26)) -> Blender | H25: =VALUE(SUBSTITUTE('UrbanMart Sales Jan 2025(Orig)'!K26,"Ksh","")) -> 16000 | I25: =VALUE('UrbanMart Sales Jan 2025(Orig)'!M26) -> 1 | J25: =PROPER(TRIM('UrbanMart Sales Jan 2025(Orig)'!N26)) -> In-Store
A26: ORD026 | B26: 25-01-2025 | C26: =DATEVALUE(Table3[[#This Row],[Order_Date]]) -> 45682 | D26: Nakuru | E26: Ruth Kosgei | F26: =PROPER(TRIM('UrbanMart Sales Jan 2025(Orig)'!H27)) -> Electronics | G26: =PROPER(TRIM('UrbanMart Sales Jan 2025(Orig)'!J27)) -> Smartphone | H26: =VALUE(SUBSTITUTE('UrbanMart Sales Jan 2025(Orig)'!K27,"Ksh","")) -> 115000 | I26: =VALUE('UrbanMart Sales Jan 2025(Orig)'!M27) -> 1 | J26: =PROPER(TRIM('UrbanMart Sales Jan 2025(Orig)'!N27)) -> Online
A27: ORD027 | B27: 26-01-2025 | C27: =DATEVALUE(Table3[[#This Row],[Order_Date]]) -> 45683 | D27: Nairobi | E27: Simon Mwenda | F27: =PROPER(TRIM('UrbanMart Sales Jan 2025(Orig)'!H28)) -> Clothing | G27: =PROPER(TRIM('UrbanMart Sales Jan 2025(Orig)'!J28)) -> Jeans | H27: =VALUE(SUBSTITUTE('UrbanMart Sales Jan 2025(Orig)'!K28,"Ksh","")) -> 5600 | I27: =VALUE('UrbanMart Sales Jan 2025(Orig)'!M28) -> 2 | J27: =PROPER(TRIM('UrbanMart Sales Jan 2025(Orig)'!N28)) -> In-Store
A28: ORD028 | B28: 27-01-2025 | C28: =DATEVALUE(Table3[[#This Row],[Order_Date]]) -> 45684 | D28: Mombasa | E28: Sarah Juma | F28: =PROPER(TRIM('UrbanMart Sales Jan 2025(Orig)'!H29)) -> Clothing | G28: =PROPER(TRIM('UrbanMart Sales Jan 2025(Orig)'!J29)) -> Dress | H28: =VALUE(SUBSTITUTE('UrbanMart Sales Jan 2025(Orig)'!K29,"Ksh","")) -> 6500 | I28: =VALUE('UrbanMart Sales Jan 2025(Orig)'!M29) -> 1 | J28: =PROPER(TRIM('UrbanMart Sales Jan 2025(Orig)'!N29)) -> Online
A29: ORD029 | B29: 28-01-2025 | C29: =DATEVALUE(Table3[[#This Row],[Order_Date]]) -> 45685 | D29: Kisumu | E29: Patrick Oloo | F29: =PROPER(TRIM('UrbanMart Sales Jan 2025(Orig)'!H30)) -> Home | G29: =PROPER(TRIM('UrbanMart Sales Jan 2025(Orig)'!J30)) -> Vacuum Cleaner | H29: =VALUE(SUBSTITUTE('UrbanMart Sales Jan 2025(Orig)'!K30,"Ksh","")) -> 21000 | I29: =VALUE('UrbanMart Sales Jan 2025(Orig)'!M30) -> 1 | J29: =PROPER(TRIM('UrbanMart Sales Jan 2025(Orig)'!N30)) -> Online
A30: ORD030 | B30: 28-01-2025 | C30: =DATEVALUE(Table3[[#This Row],[Order_Date]]) -> 45685 | D30: Nakuru | E30: Esther Chelimo | F30: =PROPER(TRIM('UrbanMart Sales Jan 2025(Orig)'!H31)) -> Electronics | G30: =PROPER(TRIM('UrbanMart Sales Jan 2025(Orig)'!J31)) -> Headphones | H30: =VALUE(SUBSTITUTE('UrbanMart Sales Jan 2025(Orig)'!K31,"Ksh","")) -> -5000 | I30: =VALUE('UrbanMart Sales Jan 2025(Orig)'!M31) -> 1 | J30: =PROPER(TRIM('UrbanMart Sales Jan 2025(Orig)'!N31)) -> In-Store
A31: ORD031 | B31: 29-01-2025 | C31: =DATEVALUE(Table3[[#This Row],[Order_Date]]) -> 45686 | D31: Nairobi | E31: Brian Karanja | F31: =PROPER(TRIM('UrbanMart Sales Jan 2025(Orig)'!H32)) -> Electronics | G31: =PROPER(TRIM('UrbanMart Sales Jan 2025(Orig)'!J32)) -> Tablet | H31: =VALUE(SUBSTITUTE('UrbanMart Sales Jan 2025(Orig)'!K32,"Ksh","")) -> 40000 | I31: =VALUE('UrbanMart Sales Jan 2025(Orig)'!M32) -> 1 | J31: =PROPER(TRIM('UrbanMart Sales Jan 2025(Orig)'!N32)) -> Online
A32: ORD032 | B32: 30-01-2025 | C32: =DATEVALUE(Table3[[#This Row],[Order_Date]]) -> 45687 | D32: Mombasa | E32: Halima Yusuf | F32: =PROPER(TRIM('UrbanMart Sales Jan 2025(Orig)'!H33)) -> Home | G32: =PROPER(TRIM('UrbanMart Sales Jan 2025(Orig)'!J33)) -> Toaster | H32: =VALUE(SUBSTITUTE('UrbanMart Sales Jan 2025(Orig)'!K33,"Ksh","")) -> 3000 | I32: =VALUE('UrbanMart Sales Jan 2025(Orig)'!M33) -> 1 | J32: =PROPER(TRIM('UrbanMart Sales Jan 2025(Orig)'!N33)) -> In-Store
A33: ORD033 | B33: 30-01-2025 | C33: =DATEVALUE(Table3[[#This Row],[Order_Date]]) -> 45687 | D33: Kisumu | E33: Tom Onyango | F33: =PROPER(TRIM('UrbanMart Sales Jan 2025(Orig)'!H34)) -> Clothing | G33: =PROPER(TRIM('UrbanMart Sales Jan 2025(Orig)'!J34)) -> T-Shirt | H33: =VALUE(SUBSTITUTE('UrbanMart Sales Jan 2025(Orig)'!K34,"Ksh","")) -> 2500 | I33: =VALUE('UrbanMart Sales Jan 2025(Orig)'!M34) -> 4 | J33: =PROPER(TRIM('UrbanMart Sales Jan 2025(Orig)'!N34)) -> Online
A34: ORD034 | B34: 31-01-2025 | C34: =DATEVALUE(Table3[[#This Row],[Order_Date]]) -> 45688 | D34: Nakuru | E34: Daniel Kipkirui | F34: =PROPER(TRIM('UrbanMart Sales Jan 2025(Orig)'!H35)) -> Electronics | G34: =PROPER(TRIM('UrbanMart Sales Jan 2025(Orig)'!J35)) -> Laptop | H34: =VALUE(SUBSTITUTE('UrbanMart Sales Jan 2025(Orig)'!K35,"Ksh","")) -> 98000 | I34: =VALUE('UrbanMart Sales Jan 2025(Orig)'!M35) -> 1 | J34: =PROPER(TRIM('UrbanMart Sales Jan 2025(Orig)'!N35)) -> Online
A35: ORD035 | B35: 01-02-2025 | C35: =DATEVALUE(Table3[[#This Row],[Order_Date]]) -> 45689 | D35: Nairobi | E35: Mercy Wairimu | F35: =PROPER(TRIM('UrbanMart Sales Jan 2025(Orig)'!H36)) -> Home | G35: =PROPER(TRIM('UrbanMart Sales Jan 2025(Orig)'!J36)) -> Iron Box | H35: =VALUE(SUBSTITUTE('UrbanMart Sales Jan 2025(Orig)'!K36,"Ksh","")) -> 3800 | I35: =VALUE('UrbanMart Sales Jan 2025(Orig)'!M36) -> 1 | J35: =PROPER(TRIM('UrbanMart Sales Jan 2025(Orig)'!N36)) -> In-Store

Sheet Cleaned_Data
A1: OrderID | B1: Order Date | C1: Region | D1: Customer's Name | E1: Category | F1: Product | G1: Sales_Amount | H1: Quantity | I1: Channel
A2: ORD001 | B2: 05-01-2025 | C2: Nairobi | D2: John Mwangi | E2: Electronics | F2: Smartphone | G2: 120000 | H2: 2 | I2: Online
A3: ORD002 | B3: 05-01-2025 | C3: Nairobi | D3: Mary Wanjiku | E3: Electronics | F3: Laptop | G3: 85000 | H3: 1 | I3: In-store
A4: ORD003 | B4: 07-01-2025 | C4: Mombasa | D4: Peter Otieno | E4: Home | F4: Microwave | G4: 45000 | H4: 1 | I4: In-store
A5: ORD004 | B5: 08-01-2025 | C5: Kisumu | D5: Grace Achieng | E5: Home | F5: Blender | G5: 15000 | H5: 2 | I5: Online
A6: ORD005 | B6: 08-01-2025 | C6: Nakuru | D6: Samuel Kiptoo | E6: Electronics | F6: Headphones | G6: 8000 | H6: 3 | I6: Online
A7: ORD006 | B7: 10-01-2025 | C7: Nairobi | D7: Lucy Njeri | E7: Clothing | F7: T-Shirt | G7: 2500 | H7: 5 | I7: In-store
A8: ORD007 | B8: 11-01-2025 | C8: Nairobi | D8: James Kariuki | E8: Clothing | F8: Jeans | G8: 5500 | H8: 2 | I8: Online
A9: ORD008 | B9: 11-01-2025 | C9: Mombasa | D9: Fatuma Ali | E9: Clothing | F9: Dress | G9: 6500 | H9: 1 | I9: In-store
A10: ORD009 | B10: 12-01-2025 | C10: Kisumu | D10: Brian Odhiambo | E10: Electronics | F10: Smartphone | G10: 118000 | H10: 1 | I10: Online
A11: ORD010 | B11: 13-01-2025 | C11: Nakuru | D11: Anne Chebet | E11: Home | F11: Kettle | G11: 3500 | H11: 2 | I11: In-store
A12: ORD012 | B12: 14-01-2025 | C12: Mombasa | D12: Aisha Mohammed | E12: Home | F12: Toaster | G12: 2800 | H12: 1 | I12: Online
A13: ORD013 | B13: 15-01-2025 | C13: Kisumu | D13: Kevin Ouma | E13: Clothing | F13: Shirt | G13: 3000 | H13: 3 | I13: In-store
... A35: ORD035 | B35: 01-02-2025 | C35: Nairobi | D35: Mercy Wairimu | E35: Home | F35: Iron Box | G35: 3800 | H35: 1 | I35: In-store

Sheet Sheet2
A1: OrderID | B1: Order Date | C1: Region | D1: Customer's Name | E1: Category | F1: Product | G1: Sales_Amount | H1: Quantity | I1: Channel | J1: Column1
A2: ORD001 | B2: 45662 | C2: Nairobi | D2: John Mwangi | E2: Electronics | F2: Smartphone | G2: 120000 | H2: 2 | I2: Online | J2: =ISNUMBER(Table1[[#This Row],[Order Date]]) -> TRUE
A3: ORD002 | B3: 45662 | C3: Nairobi | D3: Mary Wanjiku | E3: Electronics | F3: Laptop | G3: 85000 | H3: 1 | I3: In-store | J3: =ISNUMBER(Table1[[#This Row],[Order Date]]) -> TRUE
A4: ORD003 | B4: 45664 | C4: Mombasa | D4: Peter Otieno | E4: Home | F4: Microwave | G4: 45000 | H4: 1 | I4: In-store | J4: =ISNUMBER(Table1[[#This Row],[Order Date]]) -> TRUE
A5: ORD004 | B5: 45665 | C5: Kisumu | D5: Grace Achieng | E5: Home | F5: Blender | G5: 15000 | H5: 2 | I5: Online | J5: =ISNUMBER(Table1[[#This Row],[Order Date]]) -> TRUE
A6: ORD005 | B6: 45665 | C6: Nakuru | D6: Samuel Kiptoo | E6: Electronics | F6: Headphones | G6: 8000 | H6: 3 | I6: Online | J6: =ISNUMBER(Table1[[#This Row],[Order Date]]) -> TRUE
A7: ORD006 | B7: 45667 | C7: Nairobi | D7: Lucy Njeri | E7: Clothing | F7: T-Shirt | G7: 2500 | H7: 5 | I7: In-store | J7: =ISNUMBER(Table1[[#This Row],[Order Date]]) -> TRUE
A8: ORD007 | B8: 45668 | C8: Nairobi | D8: James Kariuki | E8: Clothing | F8: Jeans | G8: 5500 | H8: 2 | I8: Online | J8: =ISNUMBER(Table1[[#This Row],[Order Date]]) -> TRUE
A9: ORD008 | B9: 45668 | C9: Mombasa | D9: Fatuma Ali | E9: Clothing | F9: Dress | G9: 6500 | H9: 1 | I9: In-store | J9: =ISNUMBER(Table1[[#This Row],[Order Date]]) -> TRUE
A10: ORD009 | B10: 45669 | C10: Kisumu | D10: Brian Odhiambo | E10: Electronics | F10: Smartphone | G10: 118000 | H10: 1 | I10: Online | J10: =ISNUMBER(Table1[[#This Row],[Order Date]]) -> TRUE
A11: ORD010 | B11: 45670 | C11: Nakuru | D11: Anne Chebet | E11: Home | F11: Kettle | G11: 3500 | H11: 2 | I11: In-store | J11: =ISNUMBER(Table1[[#This Row],[Order Date]]) -> TRUE
A12: ORD011 | B12: 45671 | C12: Nairobi | D12: David Kimani | E12: Electronics | F12: Tablet | G12: #VALUE! | H12: 4 | I12: Online | J12: =ISNUMBER(Table1[[#This Row],[Order Date]]) -> TRUE
A13: ORD012 | B13: 45671 | C13: Mombasa | D13: Aisha Mohammed | E13: Home | F13: Toaster | G13: 2800 | H13: 1 | I13: Online | J13: =ISNUMBER(Table1[[#This Row],[Order Date]]) -> TRUE
A14: ORD013 | B14: 45672 | C14: Kisumu | D14: Kevin Ouma | E14: Clothing | F14: Shirt | G14: 3000 | H14: 3 | I14: In-store | J14: =ISNUMBER(Table1[[#This Row],[Order Date]]) -> TRUE
A15: ORD014 | B15: 45673 | C15: Nakuru | D15: Faith Jepchirchir | E15: Electronics | F15: Laptop | G15: 95000 | H15: 1 | I15: Online | J15: =ISNUMBER(Table1[[#This Row],[Order Date]]) -> TRUE
A16: ORD015 | B16: 45673 | C16: Nairobi | D16: Paul Mutiso | E16: Home | F16: Vacuum Cleaner | G16: 22000 | H16: 1 | I16: In-store | J16: =ISNUMBER(Table1[[#This Row],[Order Date]]) -> TRUE
A17: ORD016 | B17: 45675 | C17: Mombasa | D17: Hassan Omar | E17: Electronics | F17: Smartphone | G17: 110000 | H17: 1 | I17: Online | J17: =ISNUMBER(Table1[[#This Row],[Order Date]]) -> TRUE
A18: ORD017 | B18: 45675 | C18: Kisumu | D18: Jane Anyango | E18: Clothing | F18: Skirt | G18: 2700 | H18: 2 | I18: In-store | J18: =ISNUMBER(Table1[[#This Row],[Order Date]]) -> TRUE
A19: ORD018 | B19: 45675 | C19: Nakuru | D19: Mark Rotich | E19: Home | F19: Iron Box | G19: 4000 | H19: 1 | I19: Online | J19: =ISNUMBER(Table1[[#This Row],[Order Date]]) -> TRUE
A20: ORD019 | B20: 45677 | C20: Nairobi | D20: Irene Wambui | E20: Electronics | F20: Headphones | G20: 7500 | H20: 2 | I20: Online | J20: =ISNUMBER(Table1[[#This Row],[Order Date]]) -> TRUE
A21: ORD020 | B21: 45678 | C21: Mombasa | D21: Ali Said | E21: Home | F21: Microwave | G21: 47000 | H21: 1 | I21: In-store | J21: =ISNUMBER(Table1[[#This Row],[Order Date]]) -> TRUE
A22: ORD021 | B22: 45679 | C22: Kisumu | D22: George Odongo | E22: Electronics | F22: Tablet | G22: 39000 | H22: 1 | I22: Online | J22: =ISNUMBER(Table1[[#This Row],[Order Date]]) -> TRUE
A23: ORD022 | B23: 45679 | C23: Nakuru | D23: Joyce Chepngeno | E23: Clothing | F23: Jacket | G23: 6800 | H23: 1 | I23: In-store | J23: =ISNUMBER(Table1[[#This Row],[Order Date]]) -> TRUE
A24: ORD023 | B24: 45680 | C24: Nairobi | D24: Michael Kamau | E24: Home | F24: Kettle | G24: 3200 | H24: 2 | I24: Online | J24: =ISNUMBER(Table1[[#This Row],[Order Date]]) -> TRUE
... A36: ORD035 | B36: 45689 | C36: Nairobi | D36: Mercy Wairimu | E36: Home | F36: Iron Box | G36: 3800 | H36: 1 | I36: In-store | J36: =ISNUMBER(Table1[[#This Row],[Order Date]]) -> TRUE
